Timestamp	The event name	Your Harvard status/appointment	Your primary affiliated school at Harvard	Your Harvard Department/Unit/Center/Program
11/12/2018 23:23:28	CGA Conference 2019	Graduate student: Masters	Harvard Graduate School of Design (GSD)	Urban Planning and Design, Master in Urban Planning
11/13/2018 9:18:58	CGA Conference 2019	Alum or Emeritus	Harvard Kennedy School of Government (HKS)	NA
11/15/2018 8:45:05	CGA Conference 2019	Non-degree student	FAS Division of Continuing Education (DCE)	Harvard Extension School
11/19/2018 10:51:21	CGA Conference 2019	Non-Harvard	Non-Harvard	None
12/2/2018 9:52:27	CGA Conference 2019	Non-Harvard	Non-Harvard	Non-Harvard
12/12/2018 16:33:22	CGA Conference 2019	Non-Harvard	Non-Harvard	NA
1/10/2019 16:23:49	CGA Conference 2019	Visitor	FAS other units	 Center for Geographic Analysis
1/23/2019 8:39:00	CGA Conference 2019	Graduate student: Masters	Harvard Kennedy School of Government (HKS)	MPP
1/23/2019 20:39:21	CGA Conference 2019	Graduate student: Masters	Harvard College	HBS/HKS
1/25/2019 13:57:29	CGA Conference 2019	Graduate student: Masters	Harvard Kennedy School of Government (HKS)	Harvard Kennedy School
2/9/2019 6:17:10	CGA Conference 2019	Non-Harvard	Non-Harvard	none
2/11/2019 20:42:38	CGA Conference 2019	Non-Harvard	Non-Harvard	Non-harvard
2/15/2019 13:57:09	CGA Conference 2019	Staff	Harvard Kennedy School of Government (HKS)	Ash Center
2/24/2019 18:08:22	CGA Conference 2019	Non-Harvard	Non-Harvard	None
2/24/2019 21:52:27	CGA Conference 2019	Non-Harvard	Non-Harvard	NON-HARVARD
3/1/2019 12:49:29	CGA Conference 2019	Non-Harvard	Non-Harvard	NA
3/2/2019 12:34:50	CGA Conference 2019	Non-Harvard	Non-Harvard	NA
3/4/2019 18:02:30	CGA Conference 2019	Non-Harvard	Non-Harvard	Graphic Design
3/5/2019 9:50:19	CGA Conference 2019	Visitor	Non-Harvard	N/A
3/5/2019 22:36:54	CGA Conference 2019	Non-Harvard	Non-Harvard	N/A
3/7/2019 8:12:53	CGA Conference 2019	Non-Harvard	Non-Harvard	N/A
3/8/2019 11:47:26	CGA Conference 2019	Visitor	Non-Harvard	N/A
3/12/2019 8:47:20	CGA Conference 2019	Visitor	Non-Harvard	Center for Geographic Analysis Center for Geographic Analysis
3/12/2019 9:25:45	CGA Conference 2019	Visitor	Non-Harvard	GIS at Mount Holyoke College 
3/13/2019 15:34:16	CGA Conference 2019	Non-Harvard	Non-Harvard	NA
3/18/2019 19:39:06	CGA Conference 2019	Non-Harvard	Non-Harvard	NA
3/28/2019 9:51:48	CGA Conference 2019	Staff	HUIT, Libraries, UPO, University Centers, Programs, etc.	Harvard Planning Office
3/30/2019 20:40:17	CGA Conference 2019	Visitor	Non-Harvard	Non-Harvard
3/30/2019 21:58:37	CGA Conference 2019	Research fellow	FAS other units	N/A
4/1/2019 13:02:25	CGA Conference 2019	Visitor	Harvard Law School (HLS)	NA
4/2/2019 13:19:19	CGA Conference 2019	Research assistant	FAS other units	Harvard Forest
4/2/2019 18:04:19	CGA Conference 2019	Alum or Emeritus	Harvard College	History and Literature
4/3/2019 17:37:53	CGA Conference 2019	Non-Harvard	Non-Harvard	NA
4/5/2019 11:58:47	CGA Conference 2019	Non-Harvard	Non-Harvard	NA
4/5/2019 15:51:09	CGA Conference 2019	Visitor	Non-Harvard	N/A
4/5/2019 16:29:35	CGA Conference 2019	Non-Harvard	Non-Harvard	Temple University, Geography and Urban Studies
4/7/2019 14:36:32	CGA Conference 2019	Visitor	Non-Harvard	NA
4/7/2019 18:47:31	CGA Conference 2019	Non-Harvard	Non-Harvard	NA
4/8/2019 11:49:53	CGA Conference 2019	Non-degree student	FAS Division of Continuing Education (DCE)	Sustainability
4/8/2019 12:34:52	CGA Conference 2019	Non-Harvard	Harvard College	N/A
4/9/2019 12:45:57	CGA Conference 2019	Non-Harvard	Non-Harvard	Non-Harvard
4/9/2019 14:14:31	CGA Conference 2019	Non-Harvard	Harvard College	NA
4/9/2019 15:25:32	CGA Conference 2019	Non-Harvard	Non-Harvard	N/A
4/9/2019 15:35:53	CGA Conference 2019	Visitor	Non-Harvard	NA
4/9/2019 15:37:35	CGA Conference 2019	Non-Harvard	Non-Harvard	NA
4/10/2019 13:59:48	CGA Conference 2019	Non-Harvard	Non-Harvard	NA
4/15/2019 0:53:29	CGA Conference 2019	Non-Harvard	Non-Harvard	Non-Harvard
4/16/2019 16:24:33	CGA Conference 2019	Non-Harvard	Non-Harvard	NA
4/16/2019 17:04:57	CGA Conference 2019	Other Affliate	FAS Division of Continuing Education (DCE)	N/A
4/16/2019 17:05:08	CGA Conference 2019	Faculty	Harvard Medical School (HMS)	Medicine & Health Care Policy
4/16/2019 19:25:13	CGA Conference 2019	Visitor	FAS other units	N/A
4/16/2019 19:39:56	CGA Conference 2019	Non-Harvard	Non-Harvard	NA
4/16/2019 20:05:36	CGA Conference 2019	Non-Harvard	Non-Harvard	NA
4/16/2019 21:57:29	CGA Conference 2019	Non-Harvard	Non-Harvard	Non-Harvard
4/17/2019 1:05:19	CGA Conference 2019	Visitor	Non-Harvard	NA
4/17/2019 7:18:01	CGA Conference 2019	Faculty	Harvard School of Public Health (HSPH)	Dept of Social and Behavioral Sciences
4/17/2019 9:08:10	CGA Conference 2019	Staff	HUIT, Libraries, UPO, University Centers, Programs, etc.	Map Collection
4/17/2019 9:20:30	CGA Conference 2019	Visitor	Non-Harvard	NA
4/17/2019 10:08:41	CGA Conference 2019	Graduate student: Masters	Harvard School of Public Health (HSPH)	Global Health and Population
4/17/2019 11:13:55	CGA Conference 2019	Staff	HUIT, Libraries, UPO, University Centers, Programs, etc.	Harvard Data Science Initiative
4/17/2019 11:55:39	CGA Conference 2019	Visitor	Non-Harvard	N/A
4/17/2019 13:13:27	CGA Conference 2019	Non-Harvard	Non-Harvard	non-Harvard
4/17/2019 13:17:46	CGA Conference 2019	Visitor	Non-Harvard	NA
4/17/2019 16:40:49	CGA Conference 2019	Non-Harvard	Harvard College	n/a
4/18/2019 10:12:37	CGA Conference 2019	Non-Harvard	Non-Harvard	n/a
4/18/2019 14:46:13	CGA Conference 2019	Alum or Emeritus	Harvard College	Postdoctoral Fellow, Dartmouth College Society of Fellows & Department of Geography
4/18/2019 15:55:39	CGA Conference 2019	Graduate student: Doctorate	Graduate School of Arts and Sciences (GSAS)	Government
4/18/2019 18:03:03	CGA Conference 2019	Graduate student: Doctorate	Harvard School of Public Health (HSPH)	Population Health Sciences (Social & Behavioral Sciences)
4/19/2019 12:19:22	CGA Conference 2019	Research fellow	FAS Arts and Humanities Division	Harvard Semitic Museum
4/22/2019 9:34:28	CGA Conference 2019	Non-Harvard	Non-Harvard	N/A
4/22/2019 10:34:26	CGA Conference 2019	Non-Harvard	Non-Harvard	N/A
4/22/2019 16:34:28	CGA Conference 2019	Non-Harvard	Non-Harvard	N/A
4/23/2019 10:10:46	CGA Conference 2019	Faculty	FAS Social Science Division	Government
4/23/2019 11:17:44	CGA Conference 2019	Visitor	Non-Harvard	visitor
4/23/2019 11:55:38	CGA Conference 2019	Research fellow	FAS Social Science Division	CGA
4/23/2019 20:06:31	CGA Conference 2019	Graduate student: Doctorate	Graduate School of Arts and Sciences (GSAS)	Political Economy and Government PhD
4/24/2019 12:46:23	CGA Conference 2019	Non-Harvard	Non-Harvard	N/A
4/25/2019 9:12:01	CGA Conference 2019	Non-Harvard	Non-Harvard	NA
4/25/2019 15:21:22	CGA Conference 2019	Faculty	Harvard Kennedy School of Government (HKS)	HKS/Taubman Center/Ash Center
4/25/2019 17:58:00	CGA Conference 2019	Research fellow	Harvard Kennedy School of Government (HKS)	ASH Center
4/25/2019 18:31:12	CGA Conference 2019	Non-Harvard	Non-Harvard	Non-Harvard
4/26/2019 4:01:10	CGA Conference 2019	Visitor	Non-Harvard	Visitor
4/26/2019 6:09:12	CGA Conference 2019	Visitor	Non-Harvard	NA
4/26/2019 10:04:39	CGA Conference 2019	Visitor	Harvard Graduate School of Design (GSD)	NA
4/26/2019 13:00:07	CGA Conference 2019	Visitor	Graduate School of Arts and Sciences (GSAS)	NA
4/26/2019 13:33:29	CGA Conference 2019	Non-Harvard	Non-Harvard	NA
4/26/2019 13:46:16	CGA Conference 2019	Non-Harvard	Non-Harvard	N/A
4/26/2019 13:50:18	CGA Conference 2019	Visitor	Non-Harvard	N/A
4/29/2019 10:10:16	CGA Conference 2019	Visitor	Non-Harvard	NA
4/29/2019 11:13:47	CGA Conference 2019	Non-Harvard	Non-Harvard	non-Harvard
4/29/2019 12:19:13	CGA Conference 2019	Staff	FAS Social Science Division	IQSS; OVPR
4/29/2019 13:49:58	CGA Conference 2019	Post doctoral research associate	Harvard Business School (HBS)	Laboratory for Innovation Science
4/29/2019 13:59:37	CGA Conference 2019	Visitor	Non-Harvard	NA
4/29/2019 14:57:10	CGA Conference 2019	Staff	Harvard School of Public Health (HSPH)	sbs
4/29/2019 15:05:23	CGA Conference 2019	Staff	HUIT, Libraries, UPO, University Centers, Programs, etc.	HPO
4/29/2019 15:09:25	CGA Conference 2019	Non-Harvard	Non-Harvard	NA
4/30/2019 9:20:33	CGA Conference 2019	Visitor	FAS other units	CGA
4/30/2019 10:38:06	CGA Conference 2019	Non-Harvard	Non-Harvard	NA
4/30/2019 11:22:29	CGA Conference 2019	Visitor	FAS other units	There is no Non-Harvard Affiliation option. I am not Harvard-affiliated. I am a graduate student in European and Russian studies at Yale, and I am interested in attending some of the Friday programming. 
4/30/2019 11:35:59	CGA Conference 2019	Staff	FAS Arts and Humanities Division	IQSS
4/30/2019 13:38:40	CGA Conference 2019	Non-Harvard	Harvard Kennedy School of Government (HKS)	NA
4/30/2019 14:40:14	CGA Conference 2019	Faculty	FAS Social Science Division	Anthropology
4/30/2019 16:14:59	CGA Conference 2019	Visitor	Non-Harvard	NA
5/1/2019 10:20:12	CGA Conference 2019	Staff	HUIT, Libraries, UPO, University Centers, Programs, etc.	Harvard Map Collection
5/1/2019 14:05:00	CGA Conference 2019	Graduate student: Masters	FAS Division of Continuing Education (DCE)	Data Science
5/1/2019 15:49:07	CGA Conference 2019	Non-Harvard	Non-Harvard	NA
5/1/2019 16:40:45	CGA Conference 2019	Non-Harvard	Non-Harvard	NA
5/1/2019 18:47:56	CGA Conference 2019	Faculty	Harvard Law School (HLS)	Empirical Research
5/2/2019 10:15:54	CGA Conference 2019	Non-Harvard	Non-Harvard	NA
5/2/2019 10:29:53	CGA Conference 2019	Non-Harvard	Non-Harvard	NA
5/2/2019 11:31:59	CGA Conference 2019	Alum or Emeritus	Harvard Graduate School of Design (GSD)	N/A
5/2/2019 14:15:41	CGA Conference 2019	Research fellow	FAS Social Science Division	Davis Center for Russian and Eurasian Studies
5/2/2019 15:05:27	CGA Conference 2019	Staff	HUIT, Libraries, UPO, University Centers, Programs, etc.	Harvard Planning Office
5/3/2019 6:20:57	CGA Conference 2019	Non-Harvard	Non-Harvard	N/A
10/25/2019 1:21:29	CGA Conference 2020	Alum or Emeritus	Graduate School of Arts and Sciences (GSAS)	East Asian
11/16/2019 12:36:16	CGA Conference 2020	Non-Harvard	Non-Harvard	None
11/16/2019 18:01:16	CGA Conference 2020	Research fellow	Harvard School of Public Health (HSPH)	Dept of Social & Behavioral Sciences
11/22/2019 21:12:39	CGA Conference 2020	Visitor	Non-Harvard	None
12/6/2019 7:16:39	CGA Conference 2020	Research fellow	Harvard School of Public Health (HSPH)	GHP
12/6/2019 9:22:51	CGA Conference 2020	Research fellow	Harvard Graduate School of Education (GSE)	Language and literacy
12/11/2019 1:59:30	CGA Conference 2020	Undergraduate student	Harvard College	History of Art & Architecture; Sociology
12/30/2019 15:18:56	CGA Conference 2020	Graduate student: Masters	FAS Division of Continuing Education (DCE)	Harvard Extension School
1/6/2020 5:09:34	CGA Conference 2020	Other Affliate	Harvard School of Public Health (HSPH)	Harvard Humanitarian Initiative 
1/6/2020 8:01:00	CGA Conference 2020	Staff	Harvard School of Public Health (HSPH)	Harvard Humanitarian Initiative 
1/7/2020 15:06:18	CGA Conference 2020	Non-Harvard	Non-Harvard	NA
1/13/2020 11:22:00	CGA Conference 2020	Non-Harvard	Non-Harvard	Center for Geographic Analysis
1/13/2020 14:06:11	CGA Conference 2020	Staff	FAS Social Science Division	Center for Geographic Analysis
1/17/2020 15:59:39	CGA Conference 2020	Graduate student: Doctorate	Harvard School of Public Health (HSPH)	Epidemiology
1/29/2020 8:25:25	CGA Conference 2020	Non-Harvard	Non-Harvard	-
1/30/2020 16:08:05	CGA Conference 2020	Post doctoral research associate	Harvard Graduate School of Design (GSD)	Joint Center for Housing Studies
2/6/2020 21:22:09	CGA Conference 2020	Research fellow	FAS Science Division	OEB
2/7/2020 14:07:19	CGA Conference 2020	Non-Harvard	Non-Harvard	NA
2/7/2020 14:44:12	CGA Conference 2020	Non-Harvard	Non-Harvard	NA
2/7/2020 16:46:19	CGA Conference 2020	Faculty	Harvard Medical School (HMS)	Population Medicine
2/7/2020 17:24:55	CGA Conference 2020	Non-Harvard	Non-Harvard	NA
2/7/2020 23:10:48	CGA Conference 2020	Non-Harvard	Non-Harvard	N/A
2/8/2020 10:41:18	CGA Conference 2020	Non-Harvard	Non-Harvard	NA
2/10/2020 8:39:18	CGA Conference 2020	Non-Harvard	Non-Harvard	NA
2/10/2020 10:43:40	CGA Conference 2020	Research fellow	Harvard School of Public Health (HSPH)	Epidemiology
2/10/2020 10:45:27	CGA Conference 2020	Research assistant	Harvard Medical School (HMS)	Harvard School of Public Health Department of Nutrition
2/10/2020 11:20:47	CGA Conference 2020	Staff	Harvard Medical School (HMS)	HMS Neurology
2/10/2020 11:33:36	CGA Conference 2020	Post doctoral research associate	Harvard Medical School (HMS)	Neurology
2/10/2020 11:54:49	CGA Conference 2020	Graduate student: Doctorate	Graduate School of Arts and Sciences (GSAS)	Population Health Sciences
2/10/2020 12:08:32	CGA Conference 2020	Research assistant	Non-Harvard	N/A
2/11/2020 11:53:58	CGA Conference 2020	Non-Harvard	Non-Harvard	N/A
2/14/2020 13:33:20	CGA Conference 2020	Non-Harvard	Non-Harvard	NA
2/17/2020 11:56:28	CGA Conference 2020	Post doctoral research associate	Harvard School of Public Health (HSPH)	Epidemiology
2/20/2020 7:38:19	CGA Conference 2020	Non-Harvard	HUIT, Libraries, UPO, University Centers, Programs, etc.	Keynote from CDC
2/20/2020 20:55:16	CGA Conference 2020	Non-Harvard	Non-Harvard	NA
2/20/2020 22:30:16	CGA Conference 2020	Non-Harvard	Non-Harvard	Kennedy School of Government
2/21/2020 0:11:31	CGA Conference 2020	Faculty	Harvard Medical School (HMS)	BWH/Medicine/Channing Division of Network Medicine
2/21/2020 0:24:57	CGA Conference 2020	Visitor	Non-Harvard	N/A
2/21/2020 0:45:36	CGA Conference 2020	Non-Harvard	Non-Harvard	NA
2/24/2020 10:54:02	CGA Conference 2020	Graduate student: Doctorate	Graduate School of Arts and Sciences (GSAS)	Global Health and Population
2/24/2020 19:31:50	CGA Conference 2020	Visitor	Harvard Medical School (HMS)	N/A
2/26/2020 11:36:10	CGA Conference 2020	Non-Harvard	Non-Harvard	China Data Lab
2/27/2020 10:34:08	CGA Conference 2020	Non-Harvard	Non-Harvard	Non-Harvard
2/28/2020 17:27:58	CGA Conference 2020	Non-Harvard	Non-Harvard	Non-Harvard
2/28/2020 17:30:04	CGA Conference 2020	Non-Harvard	Non-Harvard	NON-HARVARD
2/28/2020 18:12:07	CGA Conference 2020	Visitor	Non-Harvard	NA
2/29/2020 17:27:45	CGA Conference 2020	Non-Harvard	HUIT, Libraries, UPO, University Centers, Programs, etc.	NA
3/1/2020 10:41:09	CGA Conference 2020	Non-Harvard	Non-Harvard	NA
3/1/2020 11:00:42	CGA Conference 2020	Other Affliate	Non-Harvard	N/A
3/2/2020 8:57:19	CGA Conference 2020	Visitor	Non-Harvard	n/a
3/2/2020 10:32:32	CGA Conference 2020	Non-Harvard	Non-Harvard	NA
3/2/2020 10:48:14	CGA Conference 2020	Non-Harvard	Non-Harvard	NA
3/2/2020 12:46:54	CGA Conference 2020	Non-Harvard	Non-Harvard	NA
3/2/2020 13:11:21	CGA Conference 2020	Non-Harvard	Non-Harvard	Non
3/2/2020 20:59:42	CGA Conference 2020	Visitor	Harvard Business School (HBS)	Research Computing Services
3/3/2020 9:08:39	CGA Conference 2020	Non-Harvard	Non-Harvard	ms global health policy
3/3/2020 13:58:24	CGA Conference 2020	Non-Harvard	Non-Harvard	None
3/6/2020 16:48:22	CGA Conference 2020	Non-Harvard	Non-Harvard	N/a
3/7/2020 15:00:45	CGA Conference 2020	Non-Harvard	Non-Harvard	NA
3/8/2020 9:07:28	CGA Conference 2020	Non-degree student	FAS Division of Continuing Education (DCE)	Harvard Extension School
3/9/2020 0:11:58	CGA Conference 2020	Non-Harvard	Non-Harvard	NA
3/9/2020 10:52:17	CGA Conference 2020	Visitor	Non-Harvard	N/A
3/9/2020 10:58:17	CGA Conference 2020	Post doctoral research associate	Harvard Graduate School of Design (GSD)	Joint Center for Housing Studies
3/9/2020 11:01:22	CGA Conference 2020	Faculty	Harvard School of Public Health (HSPH)	Dept of Social and Behavioral Sciences
3/9/2020 12:52:42	CGA Conference 2020	Visitor	FAS other units	non-Harvard
3/9/2020 21:54:30	CGA Conference 2020	Visitor	Harvard School of Public Health (HSPH)	HSPH
3/10/2020 11:12:01	CGA Conference 2020	Non-Harvard	Non-Harvard	Non-Harvard
3/11/2020 9:43:40	CGA Conference 2020	Non-Harvard	Non-Harvard	NA
3/11/2020 12:36:40	CGA Conference 2020	Faculty	Harvard Medical School (HMS)	Dept of Emergency Medicine
3/11/2020 13:12:58	CGA Conference 2020	Graduate student: Masters	Non-Harvard	NA
3/11/2020 14:43:30	CGA Conference 2020	Research assistant	Harvard Graduate School of Design (GSD)	Zofnass Program for Sustainable Infrastructure
3/12/2020 19:16:35	CGA Conference 2020	Non-Harvard	Non-Harvard	N/A
3/15/2020 5:54:25	CGA Conference 2020	Alum or Emeritus	Harvard School of Public Health (HSPH)	Alum
3/15/2020 13:06:28	CGA Conference 2020	Visitor	Non-Harvard	NA
3/19/2020 16:41:42	CGA Conference 2020	Non-Harvard	Non-Harvard	n/a
3/20/2020 15:39:22	CGA Conference 2020	Non-Harvard	Non-Harvard	Non-Harvard
3/20/2020 17:31:56	CGA Conference 2020	Non-Harvard	Non-Harvard	Non-Harvard
3/24/2020 14:43:37	CGA Conference 2020	Non-Harvard	Non-Harvard	Non Harvard
3/29/2020 16:08:29	CGA Conference 2020	Non-Harvard	Non-Harvard	NA
3/30/2020 16:52:17	CGA Conference 2020	Non-Harvard	Non-Harvard	N/A
3/31/2020 21:35:21	CGA Conference 2020	Non-Harvard	Non-Harvard	N/A
4/3/2020 23:19:09	CGA Conference 2020	Non-Harvard	Non-Harvard	NA
4/8/2020 6:49:08	CGA Conference 2020	Research assistant	Harvard Medical School (HMS)	NA
4/8/2020 10:33:49	CGA Conference 2020	Non-Harvard	Non-Harvard	N/A
4/10/2020 15:01:53	CGA Conference 2020	Non-Harvard	Non-Harvard	NA
4/15/2020 13:59:29	CGA Conference 2020	Post doctoral research associate	Harvard College	n/a
4/15/2020 16:11:07	CGA Conference 2020	Non-Harvard	Non-Harvard	NA
4/16/2020 9:54:10	CGA Conference 2020	Faculty	FAS Social Science Division	Anthropology
4/18/2020 14:41:51	CGA Conference 2020	Non-Harvard	Non-Harvard	non-Harvard
4/20/2020 8:58:55	CGA Conference 2020	Visitor	FAS other units	HKSG
4/21/2020 0:24:40	CGA Conference 2020	Non-Harvard	Non-Harvard	NA
4/23/2020 13:39:31	CGA Conference 2020	Non-Harvard	Non-Harvard	Non-Harvard
4/24/2020 0:11:48	CGA Conference 2020	Non-Harvard	Non-Harvard	NA
4/24/2020 15:59:25	CGA Conference 2020	Non-Harvard	Graduate School of Arts and Sciences (GSAS)	visitor
4/27/2020 21:20:08	CGA Conference 2020	Non-Harvard	Non-Harvard	N/A
4/28/2020 9:51:28	CGA Conference 2020	Non-Harvard	Non-Harvard	NA
4/28/2020 19:50:07	CGA Conference 2020	Non-Harvard	Non-Harvard	NA
4/29/2020 10:55:21	CGA Conference 2020	Faculty	Harvard College	Ciencias
4/29/2020 17:29:35	CGA Conference 2020	Non-Harvard	Non-Harvard	NA
4/29/2020 19:21:48	CGA Conference 2020	Visitor	FAS other units	NA
4/30/2020 11:23:23	CGA Conference 2020	Non-Harvard	Non-Harvard	NA
4/30/2020 21:05:20	CGA Conference 2020	Non-Harvard	Non-Harvard	Non-Harvard
4/30/2020 23:15:49	CGA Conference 2020	Non-Harvard	Non-Harvard	NA
5/1/2020 8:57:00	CGA Conference 2020	Non-Harvard	Non-Harvard	Non-Harvard
5/1/2020 9:25:46	CGA Conference 2020	Non-Harvard	Non-Harvard	NA
5/1/2020 9:27:27	CGA Conference 2020	Non-Harvard	Non-Harvard	n/a
5/1/2020 10:03:31	CGA Conference 2020	Graduate student: Masters	FAS Division of Continuing Education (DCE)	HES
5/1/2020 10:11:45	CGA Conference 2020	Post doctoral research associate	Harvard School of Public Health (HSPH)	Department of Environmental Health
5/1/2020 10:23:49	CGA Conference 2020	Non-Harvard	Non-Harvard	NA
5/1/2020 11:23:59	CGA Conference 2020	Non-Harvard	Non-Harvard	NA
5/4/2020 3:04:11	CGA Conference 2020	Non-Harvard	Non-Harvard	NA
5/5/2020 0:23:47	CGA Conference 2020	Non-Harvard	Non-Harvard	NA
8/10/2020 4:48:55	CGA Conference 2020	Non-Harvard	Non-Harvard	geography
11/23/2022 0:32:26	CGA Conference 2023	Non-Harvard	Non-Harvard	NA
11/23/2022 9:48:41	CGA Conference 2023	Non-Harvard	Non-Harvard	NA
11/23/2022 9:52:11	CGA Conference 2023	Post doctoral research associate	Harvard School of Engineering and Applied Sciences (SEAS)	Center for Research on Computation and Society 
11/23/2022 10:38:57	CGA Conference 2023	Graduate student: Doctorate	Harvard School of Public Health (HSPH)	Biostatistics
11/23/2022 12:08:50	CGA Conference 2023	Research fellow	Harvard College	Nutrition
11/25/2022 8:45:49	CGA Conference 2023	Graduate student: Masters	Harvard School of Public Health (HSPH)	MPH
11/26/2022 17:47:23	CGA Conference 2023	Non-Harvard	Non-Harvard	NA
11/28/2022 4:57:05	CGA Conference 2023	Graduate student: Doctorate	Graduate School of Arts and Sciences (GSAS)	Population Health Sciences/Global Health and Population
11/28/2022 14:32:17	CGA Conference 2023	Non-Harvard	Non-Harvard	Center for Geographic Analysis
12/4/2022 15:26:38	CGA Conference 2023	Graduate student: Masters	Harvard School of Public Health (HSPH)	MPH QM
12/6/2022 17:47:00	CGA Conference 2023	Staff	FAS Arts and Humanities Division	SSASG
12/9/2022 11:28:50	CGA Conference 2023	Staff	HUIT, Libraries, UPO, University Centers, Programs, etc.	Countway Library of Medicine
12/12/2022 15:50:38	CGA Conference 2023	Graduate student: Masters	Harvard School of Public Health (HSPH)	MPH Clinical Effectiveness
12/19/2022 18:51:32	CGA Conference 2023	Undergraduate student	Harvard College	Economics
12/25/2022 22:34:09	CGA Conference 2023	Non-Harvard	Harvard College	NA
12/26/2022 5:47:27	CGA Conference 2023	Non-Harvard	Non-Harvard	Non-Harvard
12/29/2022 17:31:54	CGA Conference 2023	Non-Harvard	Non-Harvard	Non-Harvard
1/1/2023 10:43:33	CGA Conference 2023	Non-degree student	Non-Harvard	N/A
1/2/2023 8:00:56	CGA Conference 2023	Visitor	Non-Harvard	NA
1/2/2023 16:54:39	CGA Conference 2023	Research fellow	Harvard School of Public Health (HSPH)	Department of Environmental Health
1/2/2023 17:07:11	CGA Conference 2023	Graduate student: Doctorate	Harvard School of Public Health (HSPH)	Population Health Sciences/Epidemiology
1/2/2023 17:31:42	CGA Conference 2023	Graduate student: Doctorate	Graduate School of Arts and Sciences (GSAS)	Population Health Sciences
1/2/2023 19:25:58	CGA Conference 2023	Post doctoral research associate	Harvard School of Public Health (HSPH)	The Spatial and Contextual Exposomics and Epidemiology Laboratory
1/2/2023 19:32:43	CGA Conference 2023	Graduate student: Doctorate	Harvard School of Public Health (HSPH)	population health sciences
1/2/2023 21:52:38	CGA Conference 2023	Graduate student: Doctorate	Graduate School of Arts and Sciences (GSAS)	Population Health Sciences
1/3/2023 9:16:39	CGA Conference 2023	Other Affliate	Harvard School of Public Health (HSPH)	Epidemiology
1/3/2023 11:57:48	CGA Conference 2023	Graduate student: Masters	Harvard School of Public Health (HSPH)	Environmental Health
1/3/2023 13:19:11	CGA Conference 2023	Graduate student: Masters	Harvard School of Public Health (HSPH)	MPH QM
1/4/2023 7:51:58	CGA Conference 2023	Post doctoral research associate	Harvard School of Public Health (HSPH)	Environmental Health
1/4/2023 21:17:24	CGA Conference 2023	Graduate student: Doctorate	Harvard School of Public Health (HSPH)	Epidemiology
1/4/2023 23:05:14	CGA Conference 2023	Non-Harvard	Non-Harvard	NA
1/6/2023 10:53:47	CGA Conference 2023	Post doctoral research associate	Harvard Medical School (HMS)	Psychiatry
1/12/2023 2:45:17	CGA Conference 2023	Non-Harvard	Non-Harvard	NA
1/18/2023 12:44:38	CGA Conference 2023	Research fellow	Harvard Medical School (HMS)	Brigham and Women's Hospital/ Gynecology Oncology
1/20/2023 13:49:25	CGA Conference 2023	Non-Harvard	Non-Harvard	NA
1/20/2023 23:47:54	CGA Conference 2023	Non-Harvard	Non-Harvard	NA
1/23/2023 13:00:38	CGA Conference 2023	Non-Harvard	Non-Harvard	NA
1/26/2023 13:30:24	CGA Conference 2023	Non-Harvard	Non-Harvard	NA
1/31/2023 14:20:49	CGA Conference 2023	Other Affliate	FAS other units	Center For Geographic Analysis (CGA)
1/31/2023 15:51:07	CGA Conference 2023	Non-Harvard	Non-Harvard	NA
2/1/2023 3:46:33	CGA Conference 2023	Non-Harvard	Non-Harvard	NA
2/3/2023 7:09:32	CGA Conference 2023	Non-Harvard	Non-Harvard	Na
2/5/2023 22:19:25	CGA Conference 2023	Non-Harvard	Non-Harvard	None
2/7/2023 10:01:13	CGA Conference 2023	Non-Harvard	Non-Harvard	NA
2/7/2023 16:20:49	CGA Conference 2023	Non-Harvard	Non-Harvard	N/A
2/8/2023 8:12:40	CGA Conference 2023	Non-Harvard	Non-Harvard	NA
2/8/2023 12:20:50	CGA Conference 2023	Non-Harvard	Non-Harvard	Non-Harvard
2/9/2023 1:13:51	CGA Conference 2023	Non-Harvard	Non-Harvard	Non-Harvard
2/9/2023 1:16:38	CGA Conference 2023	Non-Harvard	Non-Harvard	Non-Harvard
2/9/2023 6:26:57	CGA Conference 2023	Graduate student: Doctorate	Non-Harvard	Non-Harvard
2/13/2023 10:26:50	CGA Conference 2023	Visitor	Non-Harvard	NA
2/15/2023 10:07:02	CGA Conference 2023	Other Affliate	Non-Harvard	Dana Farber Cancer Institute
2/15/2023 10:50:21	CGA Conference 2023	Other Affliate	Non-Harvard	Non-Harvard
2/15/2023 10:52:06	CGA Conference 2023	Non-Harvard	Non-Harvard	NA
2/15/2023 10:52:21	CGA Conference 2023	Non-Harvard	Non-Harvard	Non-Harvard
2/15/2023 10:52:52	CGA Conference 2023	Non-Harvard	Non-Harvard	NA
2/15/2023 13:34:22	CGA Conference 2023	Non-Harvard	Non-Harvard	Non Harvard
2/15/2023 14:06:11	CGA Conference 2023	Graduate student: Doctorate	Harvard Graduate School of Design (GSD)	Urban design and planning
2/16/2023 21:00:13	CGA Conference 2023	Non-Harvard	Non-Harvard	Non-harvard
2/17/2023 11:54:53	CGA Conference 2023	Visitor	Non-Harvard	N/A
2/22/2023 10:47:33	CGA Conference 2023	Research assistant	Harvard School of Public Health (HSPH)	Environmental Health
2/23/2023 2:55:54	CGA Conference 2023	Visitor	Non-Harvard	N/A
2/24/2023 5:17:51	CGA Conference 2023	Non-Harvard	Non-Harvard	NA
2/27/2023 17:36:04	CGA Conference 2023	Non-Harvard	Non-Harvard	non-harvard
2/28/2023 11:21:29	CGA Conference 2023	Graduate student: Masters	Harvard School of Public Health (HSPH)	Epidemiology
3/2/2023 3:20:23	CGA Conference 2023	Non-Harvard	Non-Harvard	None
3/2/2023 15:53:12	CGA Conference 2023	Visitor	FAS other units	CGA
3/4/2023 16:28:24	CGA Conference 2023	Non-Harvard	Non-Harvard	N/A
3/5/2023 17:02:00	CGA Conference 2023	Non-Harvard	Non-Harvard	NA
3/6/2023 0:49:03	CGA Conference 2023	Non-Harvard	Non-Harvard	N/a
3/6/2023 12:11:16	CGA Conference 2023	Staff	FAS Arts and Humanities Division	IQSS Center for Geographic Analysis
3/8/2023 15:19:22	CGA Conference 2023	Non-Harvard	Harvard Business School (HBS)	Research Computing Services: former consultant / Harvard retiree
3/9/2023 19:55:07	CGA Conference 2023	Visitor	FAS Social Science Division	Center for Geographic Analysis
3/10/2023 15:30:21	CGA Conference 2023	Non-Harvard	Non-Harvard	NA
3/13/2023 11:07:42	CGA Conference 2023	Post doctoral research associate	Harvard School of Public Health (HSPH)	Environmental Health
3/13/2023 13:16:09	CGA Conference 2023	Staff	HUIT, Libraries, UPO, University Centers, Programs, etc.	Countway Library
3/14/2023 9:16:17	CGA Conference 2023	Faculty	Harvard School of Public Health (HSPH)	Environmental Health
3/14/2023 10:07:45	CGA Conference 2023	Visitor	Non-Harvard	NA
3/14/2023 14:59:00	CGA Conference 2023	Alum or Emeritus	Harvard Graduate School of Education (GSE)	Risk and Prevention, part of Department of Human Development and Psychology
3/14/2023 15:20:02	CGA Conference 2023	Graduate student: Masters	Harvard School of Public Health (HSPH)	Biostatistics
3/14/2023 15:23:09	CGA Conference 2023	Non-Harvard	FAS Science Division	Non harvard
3/14/2023 15:29:18	CGA Conference 2023	Visitor	FAS other units	N/a
3/14/2023 16:01:38	CGA Conference 2023	Non-Harvard	Non-Harvard	Non-Harvard
3/14/2023 16:25:39	CGA Conference 2023	Non-degree student	Harvard College	N/A
3/14/2023 16:42:50	CGA Conference 2023	Non-Harvard	Non-Harvard	n/a
3/14/2023 16:57:08	CGA Conference 2023	Non-Harvard	Non-Harvard	NA
3/14/2023 17:17:35	CGA Conference 2023	Non-Harvard	Non-Harvard	NA
3/14/2023 17:46:21	CGA Conference 2023	Non-Harvard	Non-Harvard	N/A
3/14/2023 18:05:41	CGA Conference 2023	Non-Harvard	Non-Harvard	Non-harvard
3/14/2023 22:57:01	CGA Conference 2023	Non-Harvard	Harvard Medical School (HMS)	Environmental Health
3/15/2023 3:39:09	CGA Conference 2023	Non-Harvard	Non-Harvard	NA
3/15/2023 9:38:49	CGA Conference 2023	Non-Harvard	Non-Harvard	Non-Harvard
3/15/2023 10:22:26	CGA Conference 2023	Visitor	Non-Harvard	n/a
3/15/2023 10:51:00	CGA Conference 2023	Non-Harvard	Non-Harvard	NA
3/15/2023 11:16:42	CGA Conference 2023	Non-Harvard	Non-Harvard	Non-Harvard
3/15/2023 11:43:53	CGA Conference 2023	Staff	FAS Social Science Division	CGA
3/15/2023 19:10:14	CGA Conference 2023	Non-Harvard	Non-Harvard	NA
3/16/2023 7:37:42	CGA Conference 2023	Non-degree student	Non-Harvard	NA
3/16/2023 8:08:03	CGA Conference 2023	Research fellow	Harvard School of Engineering and Applied Sciences (SEAS)	Atmospheric Chemistry Modeling Group
3/16/2023 9:07:47	CGA Conference 2023	Non-Harvard	Non-Harvard	HMSC
3/16/2023 9:15:38	CGA Conference 2023	Non-Harvard	Non-Harvard	NA
3/16/2023 9:25:30	CGA Conference 2023	Graduate student: Doctorate	FAS Science Division	EPS
3/16/2023 9:38:49	CGA Conference 2023	Staff	FAS other units	Harvard Medical School
3/16/2023 9:41:37	CGA Conference 2023	Staff	Harvard College	na
3/16/2023 10:27:08	CGA Conference 2023	Post doctoral research associate	Harvard Kennedy School of Government (HKS)	Center for International Development
3/16/2023 10:47:50	CGA Conference 2023	Staff	HUIT, Libraries, UPO, University Centers, Programs, etc.	HUIT, Network Services
3/16/2023 13:09:53	CGA Conference 2023	Non-Harvard	Non-Harvard	NA
3/16/2023 13:42:21	CGA Conference 2023	Non-Harvard	Non-Harvard	Non-Harvard
3/16/2023 14:02:38	CGA Conference 2023	Non-Harvard	Non-Harvard	NA
3/16/2023 14:27:18	CGA Conference 2023	Staff	Harvard School of Public Health (HSPH)	NIEHS Center for Environmental Health- Geographic and Contextual Measures Core
3/16/2023 15:05:05	CGA Conference 2023	Non-Harvard	Non-Harvard	N/A
3/16/2023 16:26:25	CGA Conference 2023	Graduate student: Masters	FAS Division of Continuing Education (DCE)	Extension School
3/16/2023 17:42:28	CGA Conference 2023	Non-Harvard	Harvard School of Public Health (HSPH)	Non-Harvard
3/16/2023 17:44:48	CGA Conference 2023	Non-Harvard	Non-Harvard	NA
3/16/2023 19:00:20	CGA Conference 2023	Non-Harvard	Non-Harvard	Non-Harvard
3/16/2023 20:33:34	CGA Conference 2023	Non-Harvard	Non-Harvard	N/A
3/16/2023 20:53:55	CGA Conference 2023	Non-Harvard	Non-Harvard	Non-Harvard
3/16/2023 21:24:12	CGA Conference 2023	Post doctoral research associate	Harvard School of Engineering and Applied Sciences (SEAS)	ACMG
3/17/2023 2:06:18	CGA Conference 2023	Non-Harvard	Non-Harvard	NA
3/17/2023 6:28:05	CGA Conference 2023	Alum or Emeritus	Non-Harvard	NA
3/17/2023 8:04:09	CGA Conference 2023	Faculty	Harvard Medical School (HMS)	OB/GYN 
3/17/2023 10:08:32	CGA Conference 2023	Graduate student: Doctorate	Harvard School of Public Health (HSPH)	Biostatistics Dept; NSAPH research group
3/17/2023 10:11:58	CGA Conference 2023	Graduate student: Doctorate	Harvard School of Public Health (HSPH)	Environmental Health 
3/17/2023 10:30:57	CGA Conference 2023	Other Affliate	Harvard Medical School (HMS)	Department of Population Medicine
3/17/2023 11:12:01	CGA Conference 2023	Graduate student: Doctorate	Graduate School of Arts and Sciences (GSAS)	HSPH
3/17/2023 12:04:24	CGA Conference 2023	Graduate student: Doctorate	Graduate School of Arts and Sciences (GSAS)	Biostatistics
3/17/2023 14:07:47	CGA Conference 2023	Visitor	Harvard Graduate School of Design (GSD)	NA
3/17/2023 17:24:40	CGA Conference 2023	Graduate student: Doctorate	Graduate School of Arts and Sciences (GSAS)	phs
3/17/2023 20:17:06	CGA Conference 2023	Graduate student: Doctorate	Harvard School of Public Health (HSPH)	Environmental Health
3/17/2023 21:23:27	CGA Conference 2023	Non-Harvard	Non-Harvard	Non-Harvard
3/17/2023 22:57:05	CGA Conference 2023	Staff	Harvard College	adm
3/18/2023 2:03:36	CGA Conference 2023	Non-Harvard	Non-Harvard	NA
3/18/2023 9:45:30	CGA Conference 2023	Graduate student: Masters	Harvard School of Public Health (HSPH)	Environmental Health Master of Science
3/18/2023 11:44:07	CGA Conference 2023	Non-Harvard	Non-Harvard	NA
3/19/2023 0:18:50	CGA Conference 2023	Non-Harvard	Non-Harvard	NA
3/19/2023 8:06:22	CGA Conference 2023	Non-Harvard	Non-Harvard	Non-Harvard
3/19/2023 14:28:46	CGA Conference 2023	Research assistant	Harvard School of Public Health (HSPH)	GHP
3/19/2023 20:29:06	CGA Conference 2023	Graduate student: Doctorate	Harvard School of Public Health (HSPH)	SPACEE Lab, Department of Environmental Health
3/20/2023 11:46:08	CGA Conference 2023	Staff	FAS Social Science Division	IQSS
3/20/2023 13:32:45	CGA Conference 2023	Visitor	Non-Harvard	CGA
3/20/2023 14:44:13	CGA Conference 2023	Graduate student: Doctorate	Harvard School of Public Health (HSPH)	Biostatistics
3/20/2023 16:04:52	CGA Conference 2023	Alum or Emeritus	Harvard School of Public Health (HSPH)	Alum of HSPH
3/21/2023 0:56:56	CGA Conference 2023	Graduate student: Masters	Harvard Graduate School of Design (GSD)	MLA I AP
3/21/2023 9:39:57	CGA Conference 2023	Staff	FAS Social Science Division	IQSS
6/16/2023 13:10:00	CGA Conference 2023	Non-Harvard	Non-Harvard	N.A
9/19/2023 12:37:54	CGA Conference 2023	Visitor	Non-Harvard	NA
12/4/2023 15:48:54	CGA Conference 2024	Faculty	Harvard Medical School (HMS)	Boston Children's Hospital, Division of Adolescent Medicine
12/9/2023 8:17:23	CGA Conference 2024	Faculty	FAS Arts and Humanities Division	EALC
12/10/2023 12:11:35	CGA Conference 2024	Non-Harvard	Non-Harvard	NA
12/13/2023 17:12:18	CGA Conference 2024	Non-Harvard	Non-Harvard	NA
12/15/2023 11:32:51	CGA Conference 2024	Non-Harvard	Non-Harvard	NA
12/20/2023 15:52:31	CGA Conference 2024	Post doctoral research associate	Harvard Medical School (HMS)	HMS
1/4/2024 9:37:23	CGA Conference 2024	Non-Harvard	Non-Harvard	Non-Harvard
1/4/2024 13:51:12	CGA Conference 2024	Non-degree student	FAS other units	HMSC
1/4/2024 13:56:03	CGA Conference 2024	Research assistant	Harvard School of Public Health (HSPH)	GHP
1/4/2024 14:37:34	CGA Conference 2024	Alum or Emeritus	Harvard Graduate School of Design (GSD)	UP/ MPH EH
1/4/2024 14:54:38	CGA Conference 2024	Non-Harvard	Non-Harvard	Non-Harvard
1/5/2024 10:23:59	CGA Conference 2024	Graduate student: Doctorate	Harvard School of Engineering and Applied Sciences (SEAS)	Alum
1/5/2024 16:58:44	CGA Conference 2024	Non-Harvard	Non-Harvard	Devika Jain
1/8/2024 7:18:51	CGA Conference 2024	Faculty	Harvard School of Dental Medicine (HSDM)	OHPE
1/8/2024 10:18:32	CGA Conference 2024	Non-Harvard	Non-Harvard	N/A
1/9/2024 11:07:03	CGA Conference 2024	Undergraduate student	Harvard College	Chemistry
1/9/2024 11:09:36	CGA Conference 2024	Other Affliate	Harvard Medical School (HMS)	Harvard Medical School
1/9/2024 15:20:35	CGA Conference 2024	Non-Harvard	Non-Harvard	N/A
1/10/2024 0:38:35	CGA Conference 2024	Other Affliate	Non-Harvard	NA
1/11/2024 11:37:49	CGA Conference 2024	Non-Harvard	Non-Harvard	NA
1/11/2024 18:15:33	CGA Conference 2024	Post doctoral research associate	FAS other units	Center for the Environment
1/12/2024 1:39:36	CGA Conference 2024	Non-Harvard	Non-Harvard	Non
1/12/2024 16:19:46	CGA Conference 2024	Non-Harvard	Non-Harvard	N/A
1/12/2024 23:54:54	CGA Conference 2024	Non-Harvard	Non-Harvard	Center for Geographic Analysis
1/15/2024 9:08:34	CGA Conference 2024	Staff	Harvard School of Public Health (HSPH)	Nutrition
1/15/2024 11:55:41	CGA Conference 2024	Faculty	Harvard Medical School (HMS)	Population Medicine
1/15/2024 12:57:05	CGA Conference 2024	Research assistant	Harvard School of Public Health (HSPH)	Biostatistics
1/15/2024 14:43:06	CGA Conference 2024	Faculty	Harvard Medical School (HMS)	BWH/CSPH
1/20/2024 8:28:47	CGA Conference 2024	Post doctoral research associate	FAS other units	CGA
1/22/2024 16:37:53	CGA Conference 2024	Visitor	Non-Harvard	N/A
1/23/2024 9:21:09	CGA Conference 2024	Staff	HUIT, Libraries, UPO, University Centers, Programs, etc.	HUIT/ Network Services
1/24/2024 15:55:07	CGA Conference 2024	Staff	Harvard Business School (HBS)	Baker Library
1/25/2024 10:44:09	CGA Conference 2024	Non-Harvard	Non-Harvard	N/A
1/25/2024 15:26:27	CGA Conference 2024	Non-Harvard	Non-Harvard	N/A
1/25/2024 18:47:54	CGA Conference 2024	Graduate student: Masters	Harvard Graduate School of Design (GSD)	UPD
1/26/2024 9:38:17	CGA Conference 2024	Graduate student: Masters	Harvard Graduate School of Design (GSD)	Master of Urban Planning
1/26/2024 15:06:59	CGA Conference 2024	Non-Harvard	Non-Harvard	N/A
2/2/2024 20:01:34	CGA Conference 2024	Alum or Emeritus	Harvard School of Public Health (HSPH)	Department of Global Health and Population
2/2/2024 20:02:44	CGA Conference 2024	Other Affliate	FAS other units	Non-harvard student
2/3/2024 11:03:37	CGA Conference 2024	Graduate student: Masters	FAS Division of Continuing Education (DCE)	Harvard Extension School
2/7/2024 10:58:50	CGA Conference 2024	Non-Harvard	Non-Harvard	Non-Harvard
2/7/2024 11:31:28	CGA Conference 2024	Non-Harvard	Non-Harvard	N/A
2/7/2024 11:52:18	CGA Conference 2024	Non-Harvard	Non-Harvard	NA
2/9/2024 21:59:56	CGA Conference 2024	Non-Harvard	Non-Harvard	NA
2/12/2024 8:31:41	CGA Conference 2024	Graduate student: Masters	Harvard Graduate School of Design (GSD)	MLA
2/12/2024 14:02:54	CGA Conference 2024	Non-Harvard	Non-Harvard	Center for Geographic Analysis
2/15/2024 16:18:18	CGA Conference 2024	Non-Harvard	Non-Harvard	NA
2/15/2024 16:18:33	CGA Conference 2024	Non-Harvard	Non-Harvard	NA
2/15/2024 16:41:55	CGA Conference 2024	Non-Harvard	Non-Harvard	N/A
2/15/2024 16:52:16	CGA Conference 2024	Visitor	Non-Harvard	NA
2/15/2024 17:04:07	CGA Conference 2024	Non-Harvard	Non-Harvard	n/a
2/15/2024 17:20:52	CGA Conference 2024	Non-Harvard	Non-Harvard	n/a
2/15/2024 18:05:00	CGA Conference 2024	Non-Harvard	Non-Harvard	NA
2/15/2024 19:43:16	CGA Conference 2024	Non-Harvard	Non-Harvard	NA
2/15/2024 19:44:47	CGA Conference 2024	Non-Harvard	Non-Harvard	NA
2/15/2024 20:47:11	CGA Conference 2024	Non-Harvard	Non-Harvard	N/A
2/16/2024 4:01:59	CGA Conference 2024	Non-Harvard	Non-Harvard	N/A
2/16/2024 5:30:39	CGA Conference 2024	Non-Harvard	Non-Harvard	NA
2/16/2024 8:17:41	CGA Conference 2024	Non-Harvard	Non-Harvard	NA
2/16/2024 8:54:40	CGA Conference 2024	Other Affliate	Harvard Graduate School of Design (GSD)	I'm not affiliated with Harvard
2/16/2024 9:01:55	CGA Conference 2024	Non-Harvard	Non-Harvard	NA
2/16/2024 9:12:21	CGA Conference 2024	Non-Harvard	Non-Harvard	Non-Harvard
2/16/2024 9:27:27	CGA Conference 2024	Non-Harvard	Non-Harvard	NA
2/16/2024 10:22:36	CGA Conference 2024	Non-Harvard	Non-Harvard	N/A
2/16/2024 11:07:34	CGA Conference 2024	Graduate student: Masters	Non-Harvard	Not Applicable
2/16/2024 13:31:48	CGA Conference 2024	Non-Harvard	Non-Harvard	NA
2/16/2024 14:07:11	CGA Conference 2024	Non-Harvard	Non-Harvard	NA
2/16/2024 21:36:53	CGA Conference 2024	Non-Harvard	Non-Harvard	N/A
2/18/2024 11:43:57	CGA Conference 2024	Non-Harvard	Non-Harvard	Non-harvard
2/19/2024 2:13:10	CGA Conference 2024	Non-Harvard	Non-Harvard	NA
2/20/2024 10:35:23	CGA Conference 2024	Non-Harvard	Non-Harvard	N/A
2/20/2024 10:54:54	CGA Conference 2024	Non-Harvard	Harvard School of Engineering and Applied Sciences (SEAS)	NA
2/20/2024 10:59:43	CGA Conference 2024	Non-Harvard	Non-Harvard	NA
2/20/2024 11:21:59	CGA Conference 2024	Non-Harvard	Non-Harvard	N/A
2/20/2024 12:04:42	CGA Conference 2024	Non-Harvard	Non-Harvard	Non-Harvard
2/20/2024 14:52:56	CGA Conference 2024	Non-Harvard	Non-Harvard	Non-Harvard
2/21/2024 2:10:47	CGA Conference 2024	Visitor	Non-Harvard	Non- Harvard
2/21/2024 10:35:53	CGA Conference 2024	Non-Harvard	Non-Harvard	N.A. 
2/21/2024 11:20:45	CGA Conference 2024	Non-Harvard	Non-Harvard	non-Harvard
2/21/2024 13:31:04	CGA Conference 2024	Non-Harvard	Non-Harvard	NA
2/21/2024 20:58:38	CGA Conference 2024	Non-Harvard	Non-Harvard	NA
2/22/2024 14:22:00	CGA Conference 2024	Non-Harvard	Non-Harvard	NA
2/23/2024 8:58:52	CGA Conference 2024	Non-Harvard	Non-Harvard	NA
2/24/2024 12:40:22	CGA Conference 2024	Non-Harvard	Non-Harvard	Non-Harvard
2/27/2024 4:29:33	CGA Conference 2024	Non-Harvard	Non-Harvard	NA
2/27/2024 8:58:07	CGA Conference 2024	Non-Harvard	Non-Harvard	NA
2/27/2024 8:59:24	CGA Conference 2024	Alum or Emeritus	Harvard Kennedy School of Government (HKS)	Master in Public Administration in International Development
2/27/2024 10:44:41	CGA Conference 2024	Non-Harvard	Non-Harvard	NA
2/29/2024 1:51:16	CGA Conference 2024	Visitor	Non-Harvard	NA
3/1/2024 9:16:06	CGA Conference 2024	Non-Harvard	Non-Harvard	N/A
3/1/2024 16:19:58	CGA Conference 2024	Post doctoral research associate	Harvard School of Dental Medicine (HSDM)	Oral Health Policy and Epidomology
3/1/2024 23:15:58	CGA Conference 2024	Visitor	Harvard Graduate School of Design (GSD)	GSD
3/2/2024 14:35:26	CGA Conference 2024	Staff	Harvard College	Harvard Library/ Services for Academic Programs
3/3/2024 4:32:43	CGA Conference 2024	Non-Harvard	Non-Harvard	NA
3/4/2024 11:27:36	CGA Conference 2024	Visitor	Non-Harvard	NA
3/6/2024 16:22:29	CGA Conference 2024	Non-Harvard	Non-Harvard	N/A
3/8/2024 13:21:08	CGA Conference 2024	Non-Harvard	Non-Harvard	NA
3/11/2024 0:17:28	CGA Conference 2024	Alum or Emeritus	FAS Social Science Division	NA
3/11/2024 16:36:05	CGA Conference 2024	Staff	Harvard College	Harvard Data Science Initiative
3/11/2024 17:47:55	CGA Conference 2024	Non-Harvard	Non-Harvard	NA
3/12/2024 15:59:33	CGA Conference 2024	Staff	HUIT, Libraries, UPO, University Centers, Programs, etc.	University Research Computing and Data Services (URCD)
3/14/2024 15:43:16	CGA Conference 2024	Alum or Emeritus	Harvard College	History of Art and Architecture (Design Studies Program)
3/15/2024 19:01:43	CGA Conference 2024	Non-Harvard	Non-Harvard	X
3/15/2024 21:10:57	CGA Conference 2024	Graduate student: Masters	HUIT, Libraries, UPO, University Centers, Programs, etc.	HES/Sustainability
3/19/2024 14:13:54	CGA Conference 2024	Non-Harvard	Non-Harvard	NA
3/20/2024 17:09:44	CGA Conference 2024	Graduate student: Doctorate	Graduate School of Arts and Sciences (GSAS)	Government
3/20/2024 20:30:38	CGA Conference 2024	Visitor	Harvard College	non-Harvard affiliated
3/21/2024 18:50:14	CGA Conference 2024	Non-Harvard	Non-Harvard	Non-Harvard
3/22/2024 5:18:00	CGA Conference 2024	Non-Harvard	Non-Harvard	NA
3/23/2024 16:54:52	CGA Conference 2024	Non-Harvard	Harvard School of Public Health (HSPH)	NA
3/26/2024 12:48:19	CGA Conference 2024	Non-Harvard	Non-Harvard	NA
3/26/2024 19:55:40	CGA Conference 2024	Visitor	Harvard College	non-harvard
3/27/2024 19:00:26	CGA Conference 2024	Other Affliate	Harvard School of Public Health (HSPH)	Biostatistics
3/28/2024 18:21:25	CGA Conference 2024	Non-Harvard	Non-Harvard	Non-Havard
3/29/2024 12:37:36	CGA Conference 2024	Non-Harvard	Harvard College	N/A
3/29/2024 16:14:57	CGA Conference 2024	Non-Harvard	Non-Harvard	Non-Harvard
3/30/2024 6:19:26	CGA Conference 2024	Non-Harvard	Non-Harvard	non-harvard
3/30/2024 17:21:00	CGA Conference 2024	Non-Harvard	Non-Harvard	NA
4/2/2024 7:30:17	CGA Conference 2024	Non-Harvard	Non-Harvard	Non-Harvard
4/3/2024 10:09:35	CGA Conference 2024	Non-Harvard	Non-Harvard	NA
4/4/2024 16:06:26	CGA Conference 2024	Research fellow	Harvard School of Public Health (HSPH)	Nutrition
4/5/2024 0:35:38	CGA Conference 2024	Non-Harvard	Non-Harvard	NA
4/8/2024 0:30:39	CGA Conference 2024	Post doctoral research associate	Graduate School of Arts and Sciences (GSAS)	CGA
4/8/2024 19:17:51	CGA Conference 2024	Non-Harvard	Non-Harvard	NA
4/11/2024 11:38:40	CGA Conference 2024	Non-Harvard	Non-Harvard	Non-Harvard
4/11/2024 13:40:27	CGA Conference 2024	Post doctoral research associate	Harvard School of Public Health (HSPH)	Biostatistics
4/11/2024 14:19:23	CGA Conference 2024	Graduate student: Doctorate	Harvard School of Public Health (HSPH)	Biostatistics
4/11/2024 14:30:14	CGA Conference 2024	Non-Harvard	Non-Harvard	NA
4/12/2024 8:46:58	CGA Conference 2024	Alum or Emeritus	Harvard Graduate School of Design (GSD)	Master of Design
4/12/2024 11:46:00	CGA Conference 2024	Non-Harvard	Non-Harvard	NA
4/12/2024 14:14:24	CGA Conference 2024	Non-Harvard	Non-Harvard	NA
4/15/2024 10:21:00	CGA Conference 2024	Non-Harvard	Non-Harvard	Non-Harvard
4/15/2024 11:11:14	CGA Conference 2024	Graduate student: Masters	FAS Division of Continuing Education (DCE)	Sustainability 
4/15/2024 13:43:05	CGA Conference 2024	Staff	Harvard School of Public Health (HSPH)	Biostatistics
4/15/2024 21:33:15	CGA Conference 2024	Graduate student: Masters	Harvard Business School (HBS)	HBS 2013 (Alumni)
4/16/2024 18:39:30	CGA Conference 2024	Non-Harvard	Non-Harvard	Na
4/17/2024 4:59:34	CGA Conference 2024	Graduate student: Masters	FAS Social Science Division	Gis
4/17/2024 11:41:34	CGA Conference 2024	Graduate student: Masters	Harvard Graduate School of Design (GSD)	Department of Landscape Architecture
4/17/2024 11:43:59	CGA Conference 2024	Graduate student: Masters	Harvard Graduate School of Design (GSD)	Landscape Architecture
4/17/2024 15:12:00	CGA Conference 2024	Non-degree student	Harvard Graduate School of Design (GSD)	GSD
4/18/2024 8:28:57	CGA Conference 2024	Non-Harvard	Non-Harvard	Not applicable
4/18/2024 9:02:42	CGA Conference 2024	Non-Harvard	Non-Harvard	Non-Harvard
4/22/2024 9:18:39	CGA Conference 2024	Research fellow	Harvard Business School (HBS)	Digital, Data and Design (D^3) Institute
4/23/2024 9:25:24	CGA Conference 2024	Faculty	Harvard School of Public Health (HSPH)	Dept of Environmental Health
4/24/2024 14:28:51	CGA Conference 2024	Non-Harvard	Non-Harvard	NA
4/25/2024 11:25:03	CGA Conference 2024	Other Affliate	Graduate School of Arts and Sciences (GSAS)	N.A.
4/26/2024 9:06:38	CGA Conference 2024	Research fellow	Harvard School of Engineering and Applied Sciences (SEAS)	Non Harvard
4/28/2024 17:53:25	CGA Conference 2024	Visitor	Non-Harvard	Non-Harvard
4/28/2024 20:04:45	CGA Conference 2024	Post doctoral research associate	FAS other units	HUCE
4/29/2024 16:53:13	CGA Conference 2024	Non-Harvard	Non-Harvard	N/A
4/30/2024 18:52:34	CGA Conference 2024	Visitor	Non-Harvard	Na
5/1/2024 12:10:19	CGA Conference 2024	Non-Harvard	Non-Harvard	N/A
5/1/2024 23:42:53	CGA Conference 2024	Visitor	Non-Harvard	NA
5/2/2024 14:35:25	CGA Conference 2024	Non-Harvard	FAS other units	Non-harvard
5/2/2024 22:40:37	CGA Conference 2024	Non-Harvard	Non-Harvard	NA
5/3/2024 8:23:03	CGA Conference 2024	Visitor	Harvard School of Public Health (HSPH)	HEESL
5/3/2024 10:16:00	CGA Conference 2024	Graduate student: Masters	Non-Harvard	UMASS DACSS
5/3/2024 13:09:15	CGA Conference 2024	Graduate student: Masters	Harvard Kennedy School of Government (HKS)	DSI
5/4/2024 0:59:56	CGA Conference 2024	Non-Harvard	Non-Harvard	Non-Harvard
5/4/2024 23:06:50	CGA Conference 2024	Non-Harvard	Non-Harvard	Spatial Data Lab  Fellowship program
5/5/2024 6:39:42	CGA Conference 2024	Alum or Emeritus	Harvard Kennedy School of Government (HKS)	Malcolm Wiener Center for Social Policy (former research fellow)
5/5/2024 16:10:10	CGA Conference 2024	Visitor	FAS Social Science Division	Center for Geographic Analysis
5/6/2024 11:43:29	CGA Conference 2024	Non-Harvard	Non-Harvard	Boston University 
5/6/2024 13:47:25	CGA Conference 2024	Non-Harvard	Non-Harvard	NA
5/6/2024 19:30:32	CGA Conference 2024	Non-Harvard	Non-Harvard	N/A
5/6/2024 22:02:34	CGA Conference 2024	Non-Harvard	Non-Harvard	NA
5/7/2024 8:22:26	CGA Conference 2024	Non-Harvard	Harvard College	NA
5/7/2024 10:40:42	CGA Conference 2024	Post doctoral research associate	FAS Social Science Division	Center for Geographical Analysis
5/7/2024 10:43:59	CGA Conference 2024	Non-Harvard	Non-Harvard	N/A
5/7/2024 16:25:09	CGA Conference 2024	Non-Harvard	Non-Harvard	NA
5/7/2024 20:31:18	CGA Conference 2024	Non-Harvard	Non-Harvard	NA
5/8/2024 14:31:25	CGA Conference 2024	Non-Harvard	FAS other units	-
5/8/2024 14:33:16	CGA Conference 2024	Non-Harvard	Non-Harvard	NA
5/8/2024 15:29:35	CGA Conference 2024	Non-Harvard	Non-Harvard	NA
5/8/2024 15:57:34	CGA Conference 2024	Alum or Emeritus	Harvard College	alum
5/8/2024 15:57:44	CGA Conference 2024	Staff	HUIT, Libraries, UPO, University Centers, Programs, etc.	HUPAD
5/8/2024 16:00:02	CGA Conference 2024	Visitor	Non-Harvard	Center for Geographic Analysis
5/8/2024 16:00:28	CGA Conference 2024	Non-Harvard	Non-Harvard	NA
5/8/2024 16:01:14	CGA Conference 2024	Non-Harvard	Non-Harvard	Non-Harvard
5/8/2024 16:02:28	CGA Conference 2024	Non-Harvard	Non-Harvard	not harvard
5/8/2024 16:03:07	CGA Conference 2024	Other Affliate	Non-Harvard	CGA
5/8/2024 16:05:27	CGA Conference 2024	Non-Harvard	Non-Harvard	NA
5/8/2024 16:05:58	CGA Conference 2024	Non-Harvard	Non-Harvard	Non-Harvard
5/8/2024 16:09:02	CGA Conference 2024	Non-Harvard	Non-Harvard	Non-Harvard Information Systems and Technology, GIS academic research
5/8/2024 16:13:56	CGA Conference 2024	Non-Harvard	Non-Harvard	NA
5/8/2024 16:26:59	CGA Conference 2024	Non-Harvard	Non-Harvard	Non-Harvard
5/8/2024 16:33:19	CGA Conference 2024	Non-degree student	Harvard College	NA
5/8/2024 16:39:43	CGA Conference 2024	Non-Harvard	Non-Harvard	NA
5/8/2024 16:41:40	CGA Conference 2024	Visitor	HUIT, Libraries, UPO, University Centers, Programs, etc.	NA
5/8/2024 16:42:16	CGA Conference 2024	Non-Harvard	Non-Harvard	n/a
5/8/2024 16:45:33	CGA Conference 2024	Visitor	Non-Harvard	NA
5/8/2024 16:49:32	CGA Conference 2024	Non-Harvard	Non-Harvard	NA
5/8/2024 16:51:41	CGA Conference 2024	Visitor	Graduate School of Arts and Sciences (GSAS)	NA
5/8/2024 16:56:50	CGA Conference 2024	Non-Harvard	Non-Harvard	CGA
5/8/2024 17:07:27	CGA Conference 2024	Non-Harvard	Non-Harvard	NA
5/8/2024 17:08:45	CGA Conference 2024	Non-Harvard	Non-Harvard	Non-Harvard
5/8/2024 17:27:57	CGA Conference 2024	Non-Harvard	Non-Harvard	na
5/8/2024 17:45:42	CGA Conference 2024	Non-Harvard	Non-Harvard	Geography - Ph.D. Geospatial and Environmental Analysis - Virginia Tech
5/8/2024 18:00:20	CGA Conference 2024	Non-Harvard	Non-Harvard	NA
5/8/2024 18:01:16	CGA Conference 2024	Non-Harvard	Non-Harvard	Non-Harvard
5/8/2024 18:11:56	CGA Conference 2024	Non-Harvard	Non-Harvard	NA
5/8/2024 18:18:32	CGA Conference 2024	Visitor	Non-Harvard	Non-Harvard
5/8/2024 18:19:14	CGA Conference 2024	Non-Harvard	Non-Harvard	NA
5/8/2024 18:26:24	CGA Conference 2024	Non-Harvard	Non-Harvard	NA
5/8/2024 18:28:51	CGA Conference 2024	Non-Harvard	Non-Harvard	center for Geographic Analysis
5/8/2024 18:49:11	CGA Conference 2024	Non-degree student	Harvard Business School (HBS)	Opm
5/8/2024 19:54:32	CGA Conference 2024	Non-Harvard	Harvard College	NA
5/8/2024 20:16:00	CGA Conference 2024	Other Affliate	FAS other units	Reishaure Institute
5/8/2024 20:22:17	CGA Conference 2024	Visitor	Non-Harvard	NA
5/8/2024 20:30:56	CGA Conference 2024	Non-Harvard	Non-Harvard	NA
5/8/2024 20:51:43	CGA Conference 2024	Non-Harvard	Non-Harvard	N/A
5/8/2024 21:35:34	CGA Conference 2024	Non-Harvard	Non-Harvard	NA
5/8/2024 22:18:55	CGA Conference 2024	Non-Harvard	Non-Harvard	NA
5/8/2024 22:20:45	CGA Conference 2024	Non-Harvard	Non-Harvard	NA
5/8/2024 22:37:08	CGA Conference 2024	Non-Harvard	Harvard Graduate School of Design (GSD)	N/A
5/8/2024 23:12:03	CGA Conference 2024	Non-Harvard	Non-Harvard	N/A
5/9/2024 0:55:14	CGA Conference 2024	Non-Harvard	Non-Harvard	Non-Harvard
5/9/2024 2:04:17	CGA Conference 2024	Non-Harvard	Non-Harvard	N/A
5/9/2024 6:10:58	CGA Conference 2024	Non-Harvard	Non-Harvard	GIS
5/9/2024 8:34:34	CGA Conference 2024	Visitor	Harvard Graduate School of Design (GSD)	na
5/9/2024 8:44:16	CGA Conference 2024	Other Affliate	Graduate School of Arts and Sciences (GSAS)	SCIENCE
5/9/2024 8:49:09	CGA Conference 2024	Non-Harvard	Non-Harvard	N/A
5/9/2024 8:50:04	CGA Conference 2024	Visitor	Non-Harvard	Na
5/9/2024 8:52:31	CGA Conference 2024	Non-Harvard	Non-Harvard	NA
5/9/2024 8:55:37	CGA Conference 2024	Graduate student: Doctorate	FAS Social Science Division	CBDB center
5/9/2024 9:04:43	CGA Conference 2024	Non-Harvard	Non-Harvard	NA
5/9/2024 9:12:39	CGA Conference 2024	Visitor	Harvard Business School (HBS)	N/A
5/9/2024 9:28:52	CGA Conference 2024	Staff	FAS Social Science Division	IQSS
5/9/2024 9:39:55	CGA Conference 2024	Non-Harvard	Non-Harvard	NA
5/9/2024 9:45:09	CGA Conference 2024	Non-Harvard	Non-Harvard	None
5/9/2024 9:56:21	CGA Conference 2024	Visitor	Non-Harvard	n/a
5/9/2024 10:18:30	CGA Conference 2024	Non-Harvard	Non-Harvard	NA
5/9/2024 10:24:20	CGA Conference 2024	Visitor	Non-Harvard	Non-Harvard
5/9/2024 10:32:25	CGA Conference 2024	Research fellow	FAS other units	CAMLab
5/9/2024 10:47:44	CGA Conference 2024	Non-Harvard	Non-Harvard	N/A
5/9/2024 10:47:45	CGA Conference 2024	Non-Harvard	Non-Harvard	NA
5/9/2024 11:10:13	CGA Conference 2024	Visitor	Non-Harvard	NA
5/9/2024 11:31:34	CGA Conference 2024	Post doctoral research associate	Harvard Medical School (HMS)	Systems Biology
5/9/2024 11:39:33	CGA Conference 2024	Non-Harvard	Non-Harvard	NA
5/9/2024 12:09:33	CGA Conference 2024	Non-Harvard	Non-Harvard	NA
5/9/2024 12:21:51	CGA Conference 2024	Other Affliate	HUIT, Libraries, UPO, University Centers, Programs, etc.	Harvard Center for Geographic Analysis
5/9/2024 13:05:14	CGA Conference 2024	Non-Harvard	Non-Harvard	N/A
5/9/2024 13:40:02	CGA Conference 2024	Non-Harvard	Non-Harvard	NA
5/9/2024 13:46:48	CGA Conference 2024	Non-Harvard	FAS Social Science Division	Center for Geographic Analysis
5/9/2024 14:10:31	CGA Conference 2024	Non-Harvard	Non-Harvard	N/A
5/9/2024 15:03:42	CGA Conference 2024	Non-Harvard	Non-Harvard	NA
5/9/2024 15:20:02	CGA Conference 2024	Non-Harvard	Non-Harvard	NA
5/9/2024 15:40:13	CGA Conference 2024	Visitor	Non-Harvard	N/A
5/9/2024 15:46:58	CGA Conference 2024	Alum or Emeritus	FAS Science Division	HSPH
5/9/2024 16:11:09	CGA Conference 2024	Non-Harvard	Non-Harvard	NA
5/9/2024 16:15:54	CGA Conference 2024	Non-Harvard	Harvard School of Engineering and Applied Sciences (SEAS)	Harvard China project 
5/9/2024 16:17:05	CGA Conference 2024	Visitor	Non-Harvard	NA
5/9/2024 16:50:22	CGA Conference 2024	Visitor	Non-Harvard	NA
5/9/2024 17:10:24	CGA Conference 2024	Non-Harvard	Non-Harvard	N/a
5/9/2024 18:00:27	CGA Conference 2024	Non-Harvard	Non-Harvard	non
5/9/2024 18:13:04	CGA Conference 2024	Non-Harvard	Non-Harvard	NA
5/9/2024 18:26:54	CGA Conference 2024	Non-Harvard	Non-Harvard	Tufts Univeristy School of Engineering
5/9/2024 18:30:46	CGA Conference 2024	Non-Harvard	FAS other units	n/a
5/9/2024 21:36:28	CGA Conference 2024	Non-Harvard	Non-Harvard	NA
5/9/2024 21:45:34	CGA Conference 2024	Non-Harvard	Non-Harvard	None
5/9/2024 22:51:04	CGA Conference 2024	Alum or Emeritus	Non-Harvard	NA
5/9/2024 22:51:33	CGA Conference 2024	Post doctoral research associate	FAS Arts and Humanities Division	Na
5/10/2024 2:42:21	CGA Conference 2024	Non-Harvard	Non-Harvard	NA
5/10/2024 7:41:41	CGA Conference 2024	Non-Harvard	Non-Harvard	Non-Harvard
5/10/2024 7:42:51	CGA Conference 2024	Non-Harvard	Non-Harvard	N/A
5/10/2024 8:12:35	CGA Conference 2024	Non-Harvard	Non-Harvard	NA
5/10/2024 8:57:10	CGA Conference 2024	Non-Harvard	Non-Harvard	Geographic Information Science
5/10/2024 9:55:27	CGA Conference 2024	Non-Harvard	Non-Harvard	n/a
5/10/2024 9:58:16	CGA Conference 2024	Visitor	Non-Harvard	NA
5/10/2024 11:00:18	CGA Conference 2024	Visitor	FAS other units	CGA Conference
5/10/2024 12:16:08	CGA Conference 2024	Non-Harvard	Non-Harvard	NA
5/10/2024 13:04:48	CGA Conference 2024	Non-Harvard	Non-Harvard	NA
5/11/2024 3:20:17	CGA Conference 2024	Non-Harvard	Non-Harvard	na
5/11/2024 15:46:07	CGA Conference 2024	Non-Harvard	Non-Harvard	Not applicable
5/11/2024 17:27:34	CGA Conference 2024	Non-Harvard	Non-Harvard	NA
5/11/2024 17:55:38	CGA Conference 2024	Non-Harvard	Non-Harvard	NA
5/12/2024 8:51:18	CGA Conference 2024	Non-Harvard	Non-Harvard	NA
5/12/2024 21:36:41	CGA Conference 2024	Non-Harvard	Non-Harvard	NA
5/12/2024 21:39:13	CGA Conference 2024	Non-Harvard	Non-Harvard	N/A
5/13/2024 8:04:22	CGA Conference 2024	Non-Harvard	Non-Harvard	NA
5/13/2024 9:04:45	CGA Conference 2024	Non-Harvard	Non-Harvard	NA
5/13/2024 9:42:11	CGA Conference 2024	Non-Harvard	Non-Harvard	Non-Harvard
5/13/2024 9:46:09	CGA Conference 2024	Non-Harvard	Non-Harvard	NA
5/13/2024 10:29:25	CGA Conference 2024	Visitor	Non-Harvard	NA
5/13/2024 10:38:31	CGA Conference 2024	Non-Harvard	Non-Harvard	not
5/13/2024 11:10:10	CGA Conference 2024	Staff	Harvard Graduate School of Design (GSD)	Library
5/13/2024 11:18:15	CGA Conference 2024	Non-Harvard	Non-Harvard	N/A
5/13/2024 11:36:10	CGA Conference 2024	Graduate student: Doctorate	Harvard Graduate School of Design (GSD)	Doctor of Design
5/13/2024 11:36:53	CGA Conference 2024	Graduate student: Masters	Harvard Graduate School of Design (GSD)	MAUD
5/13/2024 11:40:24	CGA Conference 2024	Graduate student: Masters	Harvard Graduate School of Design (GSD)	Master of Architecture I AP
5/13/2024 12:26:10	CGA Conference 2024	Non-Harvard	Non-Harvard	NA
5/13/2024 12:56:38	CGA Conference 2024	Non-Harvard	Non-Harvard	--
5/13/2024 12:59:49	CGA Conference 2024	Non-Harvard	Non-Harvard	Non harvard
5/13/2024 13:58:27	CGA Conference 2024	Research fellow	Harvard Graduate School of Design (GSD)	Office for Urbanization
5/13/2024 14:20:08	CGA Conference 2024	Visitor	Non-Harvard	n/a
5/13/2024 15:00:53	CGA Conference 2024	Non-Harvard	Non-Harvard	N/A
5/13/2024 15:16:38	CGA Conference 2024	Non-Harvard	Harvard College	N/A
5/13/2024 16:41:45	CGA Conference 2024	Non-degree student	FAS other units	GIS
5/13/2024 17:04:55	CGA Conference 2024	Graduate student: Masters	Harvard Graduate School of Design (GSD)	Urban Planning
5/13/2024 17:28:16	CGA Conference 2024	Non-degree student	FAS Social Science Division	Center for Geographic Analysis
5/13/2024 17:28:20	CGA Conference 2024	Other Affliate	FAS Social Science Division	Center for Geographic Analysis
5/13/2024 18:00:48	CGA Conference 2024	Staff	Harvard Graduate School of Design (GSD)	Development and Alumni Relations
5/13/2024 20:59:11	CGA Conference 2024	Visitor	Non-Harvard	Non-Harvard
5/13/2024 22:16:11	CGA Conference 2024	Graduate student: Masters	Harvard Medical School (HMS)	Global health
5/13/2024 22:56:36	CGA Conference 2024	Graduate student: Masters	Harvard Graduate School of Design (GSD)	Landscape
5/14/2024 2:59:48	CGA Conference 2024	Non-Harvard	Non-Harvard	NA
5/14/2024 8:11:12	CGA Conference 2024	Non-Harvard	Non-Harvard	non-harvard
5/14/2024 8:33:56	CGA Conference 2024	Graduate student: Doctorate	Harvard Business School (HBS)	HBS
5/14/2024 8:54:47	CGA Conference 2024	Non-Harvard	Non-Harvard	NA
5/14/2024 11:12:40	CGA Conference 2024	Non-Harvard	Non-Harvard	NA
5/14/2024 11:18:28	CGA Conference 2024	Staff	Graduate School of Arts and Sciences (GSAS)	CGA
5/14/2024 12:08:32	CGA Conference 2024	Visitor	FAS Social Science Division	Center for Geographic Analysis
5/14/2024 13:13:23	CGA Conference 2024	Graduate student: Masters	Harvard Graduate School of Design (GSD)	MDes -Design Studies, Publics Domain
5/14/2024 13:17:27	CGA Conference 2024	Graduate student: Doctorate	Graduate School of Arts and Sciences (GSAS)	Economics
5/14/2024 15:00:59	CGA Conference 2024	Non-Harvard	Non-Harvard	Non-Havard
5/14/2024 16:04:12	CGA Conference 2024	Non-Harvard	Non-Harvard	NA
5/14/2024 16:06:11	CGA Conference 2024	Visitor	Non-Harvard	N/A
5/14/2024 18:03:44	CGA Conference 2024	Staff	HUIT, Libraries, UPO, University Centers, Programs, etc.	HUPAD
5/14/2024 18:41:41	CGA Conference 2024	Non-Harvard	Non-Harvard	NA
5/15/2024 9:20:59	CGA Conference 2024	Non-Harvard	Non-Harvard	N/A
5/15/2024 9:28:14	CGA Conference 2024	Visitor	Non-Harvard	N/a
5/15/2024 9:31:52	CGA Conference 2024	Staff	Harvard School of Public Health (HSPH)	NIEHS Center of Public Health
5/15/2024 10:23:15	CGA Conference 2024	Non-degree student	FAS Division of Continuing Education (DCE)	Former DCE Extension school student
5/15/2024 10:39:45	CGA Conference 2024	Staff	FAS Social Science Division	CGA
5/15/2024 11:05:43	CGA Conference 2024	Staff	FAS Social Science Division	Harvard CGA
5/15/2024 11:24:16	CGA Conference 2024	Non-Harvard	Non-Harvard	Non-Narvard
5/15/2024 14:09:27	CGA Conference 2024	Non-Harvard	Non-Harvard	NA
5/15/2024 14:47:50	CGA Conference 2024	Staff	FAS Arts and Humanities Division	Arts and Humanities Research Computing
5/15/2024 14:57:33	CGA Conference 2024	Other Affliate	Non-Harvard	Non-Harvard
5/15/2024 16:19:54	CGA Conference 2024	Staff	FAS Social Science Division	IQSS
5/15/2024 19:39:14	CGA Conference 2024	Visitor	Non-Harvard	NA
5/15/2024 20:25:55	CGA Conference 2024	Non-Harvard	Non-Harvard	NA
5/15/2024 21:49:15	CGA Conference 2024	Staff	FAS Science Division	EPS
5/16/2024 0:48:49	CGA Conference 2024	Graduate student: Masters	Non-Harvard	MAUD MLA
5/16/2024 1:51:05	CGA Conference 2024	Faculty	Harvard College	Harvard college 
5/16/2024 2:09:43	CGA Conference 2024	Non-Harvard	Non-Harvard	NA
5/16/2024 2:22:29	CGA Conference 2024	Non-Harvard	Non-Harvard	Non Harvard
5/16/2024 3:19:52	CGA Conference 2024	Non-Harvard	Non-Harvard	NA
5/16/2024 4:51:39	CGA Conference 2024	Non-Harvard	Non-Harvard	NA
5/16/2024 7:46:36	CGA Conference 2024	Non-Harvard	Non-Harvard	Non Harvard
5/16/2024 8:09:03	CGA Conference 2024	Graduate student: Masters	Harvard Medical School (HMS)	Global Health and infectious disease
5/16/2024 8:15:34	CGA Conference 2024	Staff	FAS Social Science Division	IQSS
5/16/2024 8:50:42	CGA Conference 2024	Graduate student: Masters	Harvard Graduate School of Design (GSD)	Master in Urban Planning
5/16/2024 8:52:06	CGA Conference 2024	Non-Harvard	Non-Harvard	CGA
5/16/2024 8:55:23	CGA Conference 2024	Staff	Harvard College	n/a
5/16/2024 10:07:20	CGA Conference 2024	Non-Harvard	Non-Harvard	NA
5/16/2024 10:16:10	CGA Conference 2024	Non-Harvard	Non-Harvard	Personal
5/16/2024 10:40:06	CGA Conference 2024	Non-Harvard	Non-Harvard	N/A
5/16/2024 11:19:30	CGA Conference 2024	Non-degree student	Harvard College	Geography
5/16/2024 11:23:59	CGA Conference 2024	Non-Harvard	Non-Harvard	Non-Harvard
5/16/2024 11:40:37	CGA Conference 2024	Post doctoral research associate	Harvard School of Public Health (HSPH)	hsph
5/16/2024 11:42:22	CGA Conference 2024	Research fellow	FAS Social Science Division	Center for History and Economics
5/16/2024 11:50:32	CGA Conference 2024	Non-Harvard	Non-Harvard	Non-Harvard
5/16/2024 11:54:33	CGA Conference 2024	Non-Harvard	Non-Harvard	NA
5/16/2024 12:11:32	CGA Conference 2024	Post doctoral research associate	Harvard Medical School (HMS)	Systems Biology
5/16/2024 12:13:46	CGA Conference 2024	Non-Harvard	Non-Harvard	Nan
5/16/2024 12:17:55	CGA Conference 2024	Other Affliate	Non-Harvard	.
5/16/2024 12:32:55	CGA Conference 2024	Staff	FAS other units	IQSS
5/16/2024 12:36:36	CGA Conference 2024	Non-Harvard	Non-Harvard	NA
5/16/2024 12:49:30	CGA Conference 2024	Non-Harvard	Non-Harvard	na
5/16/2024 12:55:09	CGA Conference 2024	Faculty	Harvard Medical School (HMS)	Harvard Humanitarian Initiative
5/16/2024 12:57:11	CGA Conference 2024	Visitor	Harvard School of Public Health (HSPH)	Department of Environmental Health
5/16/2024 13:02:45	CGA Conference 2024	Non-Harvard	Non-Harvard	N/A
5/16/2024 13:15:07	CGA Conference 2024	Non-Harvard	Non-Harvard	CGA
5/16/2024 13:41:35	CGA Conference 2024	Non-Harvard	Non-Harvard	N/A
5/16/2024 13:58:06	CGA Conference 2024	Visitor	Non-Harvard	N/A
5/16/2024 15:16:57	CGA Conference 2024	Non-Harvard	Non-Harvard	NA
5/16/2024 15:22:49	CGA Conference 2024	Non-Harvard	Non-Harvard	N/A
5/16/2024 15:38:28	CGA Conference 2024	Research fellow	Harvard Business School (HBS)	Digital, Data and Design (D^3) Institute
5/16/2024 16:39:01	CGA Conference 2024	Non-Harvard	Non-Harvard	CGA Digital Twin proposal
5/16/2024 20:23:05	CGA Conference 2024	Graduate student: Doctorate	Non-Harvard	Statistical economy
5/16/2024 20:31:37	CGA Conference 2024	Non-Harvard	Non-Harvard	Non-harvard
5/16/2024 21:19:26	CGA Conference 2024	Non-Harvard	Non-Harvard	NA
5/17/2024 0:45:02	CGA Conference 2024	Non-Harvard	Non-Harvard	NA
5/17/2024 1:50:34	CGA Conference 2024	Non-Harvard	Non-Harvard	-
5/17/2024 9:04:36	CGA Conference 2024	Non-Harvard	Non-Harvard	NA
5/17/2024 9:43:40	CGA Conference 2024	Non-Harvard	Non-Harvard	Non-Harvard
5/17/2024 10:03:53	CGA Conference 2024	Non-Harvard	Non-Harvard	NA
5/17/2024 10:07:49	CGA Conference 2024	Non-Harvard	Harvard Graduate School of Design (GSD)	Landscape Architecture
5/17/2024 13:09:52	CGA Conference 2024	Non-Harvard	Non-Harvard	N/A
5/17/2024 14:00:00	CGA Conference 2024	Visitor	Harvard College	NA
5/17/2024 15:04:51	CGA Conference 2024	Non-Harvard	Non-Harvard	NA
5/17/2024 23:37:39	CGA Conference 2024	Non-Harvard	Non-Harvard	NA
5/20/2024 7:01:28	CGA Conference 2025	Visitor	FAS Social Science Division	N/A
5/24/2024 14:19:15	CGA Conference 2025	Non-Harvard	Non-Harvard	NA
6/7/2024 17:37:21	CGA Conference 2025	Non-Harvard	Non-Harvard	NA
6/8/2024 0:40:28	CGA Conference 2025	Non-degree student	Harvard College	NA
2/10/2025 14:23:31	CGA Conference 2025	Graduate student: Masters	Harvard Graduate School of Design (GSD)	Design Studies -- Mediums
2/22/2025 8:46:17	CGA Conference 2025	Graduate student: Masters	Harvard Graduate School of Design (GSD)	MLA
2/28/2025 12:41:46	CGA Conference 2025	Staff	Harvard Graduate School of Design (GSD)	GSD Frances Loeb Library
2/28/2025 22:46:08	CGA Conference 2025	Visitor	FAS Social Science Division	SCANCOR, Weatherhead Center
2/28/2025 23:07:10	CGA Conference 2025	Graduate student: Masters	Harvard Kennedy School of Government (HKS)	Mid-career Master in Public Administration
2/28/2025 23:24:25	CGA Conference 2025	Graduate student: Masters	Harvard Graduate School of Design (GSD)	GSD MLAUD 
3/3/2025 7:58:52	CGA Conference 2025	Staff	FAS Social Science Division	CGA
3/3/2025 8:03:22	CGA Conference 2025	Staff	FAS Social Science Division	cga
3/3/2025 8:11:11	CGA Conference 2025	Staff	FAS Social Science Division	cga
3/6/2025 11:44:03	CGA Conference 2025	Graduate student: Masters	FAS Division of Continuing Education (DCE)	Extension, Data science
3/13/2025 14:59:20	CGA Conference 2025	Graduate student: Doctorate	Harvard School of Public Health (HSPH)	SBS
